{
	"id": 0.7450502595493145,
	"ip": 1,
	"created_at": 0.7450502595493145,
	"id_localStorage": 0.9594202898550726,
	"id_sessionStorage": 0.9594202898550726,
	"id_indexedDB": 0.9594202898550726,
	"id_fileSystem": 0.9594202898550726,
	"id_cookie": 0.9594202898550726,
	"tls_ja4": 0.8418840579710145,
	"audio1": 0.9044927536231884,
	"audio2": 0.8957971014492755,
	"canvas_geometry": 0.91231884057971,
	"canvas_text": 0.9101449275362318,
	"canvas_winding": 1,
	"webgl_geometry": 0.8967325428194993,
	"webgl_version": 0.9579710144927537,
	"webgl_vendor": 0.955072463768116,
	"webgl_shading_language_version": 0.9579710144927537,
	"webgl_vendor_unmasked": 0.9536231884057972,
	"webgl_renderer": 0.9536231884057972,
	"webgl_renderer_unmasked": 0.9536231884057972,
	"webgl_context_attributes": 0.9572463768115943,
	"webgl_shader_precisions": 0.9739130434782609,
	"webgl_extensions": 0.9528985507246378,
	"webgl_parameters1": 0.9579710144927537,
	"webgl_parameters2": 0.9471014492753623,
	"webgl_extensions_parameters1": 0.9528985507246378,
	"webgl_extensions_parameters2": 0.9528985507246378,
	"http_headers": 0.9202898550724637,
	"user_agent": 0.922463768115942,
	"math": 0.9579710144927537,
	"buffer": 1,
	"navigator_pdfViewerEnabled": 0.9869565217391304,
	"navigator_language": 0.9739130434782609,
	"navigator_languages": 0.9384057971014493,
	"navigator_webdriver": 1,
	"navigator_userAgentData": 0.9543478260869566,
	"navigator_appVersion": 0.9246376811594202,
	"navigator_connection_rtt": 0.9681159420289855,
	"navigator_plugins": 0.9428985507246377,
	"navigator_hardwareConcurrency": 0.9478260869565217,
	"navigator_deviceMemory": 0.9481159420289855,
	"navigator_platform": 0.9855072463768115,
	"navigator_vendor": 0.955072463768116,
	"navigator_productSub": 0.9565217391304348,
	"navigator_vendorSub": 1,
	"navigator_onLine": 1,
	"navigator_media_devices": 0.8825465838509315,
	"navigator_getHighEntropyValues": 0.9543478260869566,
	"navigator_doNotTrack": 0.963768115942029,
	"navigator_oscpu": 0.95,
	"navigator_maxTouchPoints": 0.991304347826087,
	"navigator_prototype": 0.9347826086956522,
	"window_TouchEvent": 0.9956521739130435,
	"window_ontouchstart": 0.9956521739130435,
	"storage_estimate": 0.7773913043478261,
	"storage_getDirectory": 0.9956521739130435,
	"speechSynthesis_voices": 0.9376811594202898,
	"webrtc_candidates": 0.8380400276052449,
	"webrtc_stats": 0.8267893899840969,
	"apple_pay": 0.9956521739130435,
	"screen_safeArea": 0.9565217391304348,
	"screen_width": 0.938695652173913,
	"screen_height": 0.9242028985507246,
	"screen_colorDepth": 0.991304347826087,
	"screen_outerWidth": 0.941304347826087,
	"screen_outerHeight": 0.8969565217391303,
	"screen_innerWidth": 0.9391304347826087,
	"screen_innerHeight": 0.9002898550724637,
	"screen_highRes": 0.9869565217391304,
	"window_devicePixelRatio": 0.9710144927536233,
	"dom_blocker": 0.9782608695652174,
	"font_list": 0.9543478260869566,
	"font_widths": 1,
	"font_emoji": 0.8630434782608696,
	"font_math": 0.8586956521739131,
	"location_href": 1,
	"document_referrer": 0.9159420289855073,
	"window_webkitRequestFileSystem": 0.9608695652173913,
	"window_openDatabase": 0.9956521739130435,
	"window_sessionStorage": 1,
	"window_localStorage": 1,
	"window_indexedDB": 1,
	"window_permissions": 1,
	"window_process": 1,
	"window_globals": 0.9405797101449276,
	"document_cookie": 0.8492753623188405,
	"cookies_enabled": 1,
	"webassembly_validate": 0.9826086956521739,
	"media_dark_mode": 0.9739130434782609,
	"media_inverted_colors": 1,
	"media_forced_colors": 1,
	"media_max_monochrome": 1,
	"media_contrast": 1,
	"media_reduced_motion": 1,
	"media_dynamic_range": 0.9869565217391304,
	"media_transparency": 1,
	"media_backdrop_blur": 0.9956521739130435,
	"time_zone_offset": 0.9695652173913043,
	"performance_now": 0.9434782608695652,
	"performance_memory": 0.9594202898550726,
	"browser_chromium": 0.9608695652173913,
	"browser_chromium86OrNewer": 1,
	"browser_trident": 1,
	"browser_gecko": 0.9608695652173913,
	"browser_webkit": 0.9956521739130435,
	"browser_ipad": 0.9608695652173913,
	"browser_android": 1,
	"browser_webkit606OrNewer": 1,
	"browser_webkit616OrNewer": 0.9608695652173913,
	"browser_safari_webkit": 0.9782608695652174,
	"browser_webkit_desktop": 0.9739130434782609,
	"browser_edgeHTML": 1,
	"a_attributionSourceId": 1,
	"a_attributeNames": 1,
	"eval_toString": 0.9608695652173913,
	"drm": 0.9492753623188405,
	"error_stack": 0.9594202898550726,
	"error_toSource": 1,
	"error_undefined": 1,
	"external_toString": 0.9956521739130435,
	"window_close_toString": 0.9608695652173913,
	"function_bind_toString": 0.9608695652173913,
	"keyboard_layout": 0.9695652173913043
}