{
	"id": 0.9999999999999958,
	"ip": 0.8090983916454821,
	"created_at": 0.9999999999999958,
	"id_localStorage": 0.2791405085870746,
	"id_sessionStorage": 0.2791405085870746,
	"id_indexedDB": 0.2791405085870746,
	"id_fileSystem": 0.2791405085870746,
	"id_cookie": 0.2791405085870746,
	"tls_ja4": 0.558658346053923,
	"audio1": 0.5536408036909787,
	"audio2": 0.5597586878789822,
	"canvas_geometry": 0.567201332727466,
	"canvas_text": 0.5911014186366464,
	"canvas_winding": 0,
	"webgl_geometry": 0.5929631750497047,
	"webgl_version": 0.19025775379537763,
	"webgl_vendor": 0.169998758900446,
	"webgl_shading_language_version": 0.24239469535254213,
	"webgl_vendor_unmasked": 0.3586756910748313,
	"webgl_renderer": 0.2504210831624503,
	"webgl_renderer_unmasked": 0.42137563566439074,
	"webgl_context_attributes": 0.2338376361058555,
	"webgl_shader_precisions": 0.24730203521117708,
	"webgl_extensions": 0.4951542027154874,
	"webgl_parameters1": 0.19018199767319904,
	"webgl_parameters2": 0.5319140808245012,
	"webgl_extensions_parameters1": 0.4951542027154874,
	"webgl_extensions_parameters2": 0.4951542027154874,
	"http_headers": 0.43981488623946885,
	"user_agent": 0.6143899539626935,
	"math": 0.2254932933107505,
	"buffer": 0.12024776284680094,
	"navigator_pdfViewerEnabled": 0.09089894245072039,
	"navigator_language": 0.28264574382627755,
	"navigator_languages": 0.43938860386786216,
	"navigator_webdriver": 0.005145600506297009,
	"navigator_userAgentData": 0.30044966195931827,
	"navigator_appVersion": 0.5386222800956254,
	"navigator_connection_rtt": 0.11621433806482255,
	"navigator_plugins": 0.26183111798311565,
	"navigator_hardwareConcurrency": 0.3718775259784102,
	"navigator_deviceMemory": 0.21457322090589404,
	"navigator_platform": 0.32724574689293334,
	"navigator_vendor": 0.1968445648757399,
	"navigator_productSub": 0.11930351928958445,
	"navigator_vendorSub": 0,
	"navigator_onLine": 0,
	"navigator_media_devices": 0.5196661102782442,
	"navigator_getHighEntropyValues": 0.35736828432236006,
	"navigator_doNotTrack": 0.1715794662121956,
	"navigator_oscpu": 0.21631864261631562,
	"navigator_maxTouchPoints": 0.14017459088308656,
	"navigator_prototype": 0.47216321610759127,
	"window_TouchEvent": 0.12743395320937465,
	"window_ontouchstart": 0.12743395320937465,
	"storage_estimate": 0.6862541822097243,
	"storage_getDirectory": 0.005145600506297009,
	"speechSynthesis_voices": 0.26798945330952995,
	"webrtc_candidates": 0.6813077547097491,
	"webrtc_stats": 0.7283061767429343,
	"apple_pay": 0.10322943378082484,
	"screen_safeArea": 0.2661681551109322,
	"screen_width": 0.5907721897190661,
	"screen_height": 0.6592835792225026,
	"screen_colorDepth": 0.052425666393813374,
	"screen_outerWidth": 0.6542369236315339,
	"screen_outerHeight": 0.7681318453450321,
	"screen_innerWidth": 0.6337798391096926,
	"screen_innerHeight": 0.7644282244187757,
	"screen_highRes": 0.12494043720753048,
	"window_devicePixelRatio": 0.31016654685445166,
	"dom_blocker": 0.23908706392983922,
	"font_list": 0.4463400108628246,
	"font_widths": 0,
	"font_emoji": 0.8392869503455953,
	"font_math": 0.8371809112265248,
	"location_href": 0,
	"document_referrer": 0.22047091991467876,
	"window_webkitRequestFileSystem": 0.12342764907489093,
	"window_openDatabase": 0.027765821406086657,
	"window_sessionStorage": 0,
	"window_localStorage": 0,
	"window_indexedDB": 0,
	"window_permissions": 0,
	"window_process": 0,
	"window_globals": 0.17771721380932312,
	"document_cookie": 0.2414423372854151,
	"cookies_enabled": 0,
	"webassembly_validate": 0.14830216984893713,
	"media_dark_mode": 0.12272112592574969,
	"media_inverted_colors": 0,
	"media_forced_colors": 0,
	"media_max_monochrome": 0.009179346505798587,
	"media_contrast": 0.027765821406086657,
	"media_reduced_motion": 0.032887514608951327,
	"media_dynamic_range": 0.11978321736543193,
	"media_transparency": 0,
	"media_backdrop_blur": 0.08859371946450163,
	"time_zone_offset": 0.30998753207516005,
	"performance_now": 0.23630876622094138,
	"performance_memory": 0.2271445824933998,
	"browser_chromium": 0.12466665111069306,
	"browser_chromium86OrNewer": 0,
	"browser_trident": 0,
	"browser_gecko": 0.11978321736543193,
	"browser_webkit": 0.09926320122747831,
	"browser_ipad": 0.1273991859899874,
	"browser_android": 0.10796313962517398,
	"browser_webkit606OrNewer": 0,
	"browser_webkit616OrNewer": 0.12494043720753048,
	"browser_safari_webkit": 0.0811148537710179,
	"browser_webkit_desktop": 0.1002175442839273,
	"browser_edgeHTML": 0,
	"a_attributionSourceId": 0,
	"a_attributeNames": 0,
	"eval_toString": 0.12466665111069306,
	"drm": 0.21257774657617215,
	"error_stack": 0.19697130793963233,
	"error_toSource": 0,
	"error_undefined": 0,
	"external_toString": 0.09926320122747831,
	"window_close_toString": 0.12466665111069306,
	"function_bind_toString": 0.12466665111069306,
	"keyboard_layout": 0.18513415894394583
}